[{"公司": "USA one", "聯絡人": "Tom Lee", "國家": "USA", "營業額": 3000}, {"公司": "Centro comercial", "聯絡人": "Francisco Chang", "國家": "China", "營業額": 5000}, {"公司": "International Group", "聯絡人": "Roland Mendel", "國家": "Austria", "營業額": 6000}, {"公司": "Island Trading", "聯絡人": "Helen Bennett", "國家": "UK", "營業額": 3000}, {"公司": "Laughing Bacchus", "聯絡人": "Yoshi Tannamuri", "國家": "Canada", "營業額": 4000}, {"公司": "Alimentari Riuniti", "聯絡人": "Giovanni Rovelli", "國家": "Italy", "營業額": 8000}]